[
  {
    "namespace": "Utilities",
    "functions": [ 
      {
        "name": "logDebug",
        "type": "function",
        "async": true,
        "parameters": [
          {
            "name": "text",
            "type": "string",
            "description": "what text to log"
          }
        ]
      },

      {
        "name": "showXhtmlPage",
        "type": "function",
        "parameters": [
          {
            "name": "url",
            "type": "string",
            "description": "url to open in browser"
          }
        ]
      },

      {
        "name": "showLicenseDialog",
        "type": "function",
        "parameters": [
          {
            "name": "referrer",
            "type": "string",
            "description": "referrer or feature name to transmit to shop"
          }
        ]
      },

     
      {
        "name": "showVersionHistory",
        "type": "function",
        "parameters": []
      },      
      
      {
        "name": "getUserName",
        "type": "function",
        "async": true,
        "parameters": []
      }
   ]
  }
]
