[
  {
    "namespace": "NotifyTools",    
    "events": [
      {
        "name": "onNotifyBackground",
        "type": "function",
        "description": "Fired when a new notification from notifyTools.js in an Experiment has been received.",
        "parameters": [
          {
            "name": "data",
            "type": "any",
            "description": "Restrictions of the structured clone algorithm apply."
          }
        ]
      }
    ],
    "functions": [
      {
        "name": "notifyExperiment",
        "type": "function",
        "async": true,
        "description": "Notifies notifyTools.js in an Experiment and sends data.",
        "parameters": [
          {
            "name": "data",
            "type": "any",
            "description": "Restrictions of the structured clone algorithm apply."
          }
        ]
      }
    ]
  }
]
